{
    "providers":[
        {
            "type":"bitmap",
            "file":"minecraft:guis/menus/pixel.png",
            "ascent":-2000,
            "height":-3,
            "chars":[
                "七"
            ]
        },








        {
            "type":"bitmap",
            "file":"minecraft:guis/emotes/begging.png",
            "ascent":7,
            "height":8,
            "chars":[
                "💿"
            ]
        },
        {
            "type":"bitmap",
            "file":"minecraft:guis/emotes/clown.png",
            "ascent":7,
            "height":8,
            "chars":[
                "📀"
            ]
        },
        {
            "type":"bitmap",
            "file":"minecraft:guis/emotes/crying.png",
            "ascent":7,
            "height":8,
            "chars":[
                "💽"
            ]
        },
        {
            "type":"bitmap",
            "file":"minecraft:guis/emotes/eyes.png",
            "ascent":7,
            "height":8,
            "chars":[
                "💾"
            ]
        },
        {
            "type":"bitmap",
            "file":"minecraft:guis/emotes/fire.png",
            "ascent":7,
            "height":8,
            "chars":[
                "💻"
            ]
        },
        {
            "type":"bitmap",
            "file":"minecraft:guis/emotes/grimacing.png",
            "ascent":7,
            "height":8,
            "chars":[
                "📱"
            ]
        },
        {
            "type":"bitmap",
            "file":"minecraft:guis/emotes/happy.png",
            "ascent":7,
            "height":8,
            "chars":[
                "⏰"
            ]
        },
        {
            "type":"bitmap",
            "file":"minecraft:guis/emotes/heart.png",
            "ascent":7,
            "height":8,
            "chars":[
                "📞"
            ]
        },
        {
            "type":"bitmap",
            "file":"minecraft:guis/emotes/hearteyes.png",
            "ascent":7,
            "height":8,
            "chars":[
                "📟"
            ]
        },
        {
            "type":"bitmap",
            "file":"minecraft:guis/emotes/joy.png",
            "ascent":7,
            "height":8,
            "chars":[
                "🛰"
            ]
        },
        {
            "type":"bitmap",
            "file":"minecraft:guis/emotes/love.png",
            "ascent":7,
            "height":8,
            "chars":[
                "📠"
            ]
        },
        {
            "type":"bitmap",
            "file":"minecraft:guis/emotes/rage.png",
            "ascent":7,
            "height":8,
            "chars":[
                "📡"
            ]
        },
        {
            "type":"bitmap",
            "file":"minecraft:guis/emotes/rainbow.png",
            "ascent":7,
            "height":8,
            "chars":[
                "📺"
            ]
        },
        {
            "type":"bitmap",
            "file":"minecraft:guis/emotes/sad.png",
            "ascent":7,
            "height":8,
            "chars":[
                "📻"
            ]
        },
        {
            "type":"bitmap",
            "file":"minecraft:guis/emotes/skull.png",
            "ascent":7,
            "height":8,
            "chars":[
                "🔊"
            ]
        },
        {
            "type":"bitmap",
            "file":"minecraft:guis/emotes/smiling.png",
            "ascent":7,
            "height":8,
            "chars":[
                "🔉"
            ]
        },
        {
            "type":"bitmap",
            "file":"minecraft:guis/emotes/sunglasses.png",
            "ascent":7,
            "height":8,
            "chars":[
                "🔈"
            ]
        },
        {
            "type":"bitmap",
            "file":"minecraft:guis/emotes/sweat.png",
            "ascent":7,
            "height":8,
            "chars":[
                "🔇"
            ]
        },
        {
            "type":"bitmap",
            "file":"minecraft:guis/emotes/thumbdown.png",
            "ascent":7,
            "height":8,
            "chars":[
                "🔔"
            ]
        },
        {
            "type":"bitmap",
            "file":"minecraft:guis/emotes/thumbup.png",
            "ascent":7,
            "height":8,
            "chars":[
                "🔕"
            ]
        },
        {
            "type":"bitmap",
            "file":"minecraft:guis/emotes/tongue.png",
            "ascent":7,
            "height":8,
            "chars":[
                "📢"
            ]
        },
        {
            "type":"bitmap",
            "file":"minecraft:guis/emotes/upsidedown.png",
            "ascent":7,
            "height":8,
            "chars":[
                "📣"
            ]
        },
        {
            "type":"bitmap",
            "file":"minecraft:guis/emotes/wink.png",
            "ascent":7,
            "height":8,
            "chars":[
                "⏳"
            ]
        },











        {
            "type":"bitmap",
            "file":"minecraft:guis/prefixes/member.png",
            "ascent":7,
            "height":7,
            "chars":[
                "ㄱ"
            ]
        },
        {
            "type":"bitmap",
            "file":"minecraft:guis/prefixes/knight.png",
            "ascent":7,
            "height":7,
            "chars":[
                "ぴ"
            ]
        },
        {
            "type":"bitmap",
            "file":"minecraft:guis/prefixes/lord.png",
            "ascent":7,
            "height":7,
            "chars":[
                "き"
            ]
        },
        {
            "type":"bitmap",
            "file":"minecraft:guis/prefixes/paladin.png",
            "ascent":7,
            "height":7,
            "chars":[
                "ぎ"
            ]
        },
        {
            "type":"bitmap",
            "file":"minecraft:guis/prefixes/duke.png",
            "ascent":7,
            "height":7,
            "chars":[
                "く"
            ]
        },
        {
            "type":"bitmap",
            "file":"minecraft:guis/prefixes/king.png",
            "ascent":7,
            "height":7,
            "chars":[
                "ぐ"
            ]
        },
        {
            "type":"bitmap",
            "file":"minecraft:guis/prefixes/youtuber.png",
            "ascent":7,
            "height":7,
            "chars":[
                "ㄲ"
            ]
        },
        {
            "type":"bitmap",
            "file":"minecraft:guis/prefixes/streamer.png",
            "ascent":7,
            "height":7,
            "chars":[
                "ㄳ"
            ]
        },
        {
            "type":"bitmap",
            "file":"minecraft:guis/prefixes/helper.png",
            "ascent":7,
            "height":7,
            "chars":[
                "ㄴ"
            ]
        },
        {
            "type":"bitmap",
            "file":"minecraft:guis/prefixes/builder.png",
            "ascent":7,
            "height":7,
            "chars":[
                "ㄵ"
            ]
        },
        {
            "type":"bitmap",
            "file":"minecraft:guis/prefixes/mod.png",
            "ascent":7,
            "height":7,
            "chars":[
                "ㄶ"
            ]
        },
        {
            "type":"bitmap",
            "file":"minecraft:guis/prefixes/srmod.png",
            "ascent":7,
            "height":7,
            "chars":[
                "ㄷ"
            ]
        },
        {
            "type":"bitmap",
            "file":"minecraft:guis/prefixes/admin.png",
            "ascent":7,
            "height":7,
            "chars":[
                "ㄸ"
            ]
        },
        {
            "type":"bitmap",
            "file":"minecraft:guis/prefixes/dev.png",
            "ascent":7,
            "height":7,
            "chars":[
                "ㄹ"
            ]
        },
        {
            "type":"bitmap",
            "file":"minecraft:guis/prefixes/manager.png",
            "ascent":7,
            "height":7,
            "chars":[
                "ㄺ"
            ]
        },
        {
            "type":"bitmap",
            "file":"minecraft:guis/prefixes/owner.png",
            "ascent":7,
            "height":7,
            "chars":[
                "ㄾ"
            ]
        },








        {
            "type":"bitmap",
            "file":"minecraft:guis/prefixes/one.png",
            "ascent":7,
            "height":8,
            "chars":[
                "ㄿ"
            ]
        },
        {
            "type":"bitmap",
            "file":"minecraft:guis/prefixes/two.png",
            "ascent":7,
            "height":8,
            "chars":[
                "ㅀ"
            ]
        },
        {
            "type":"bitmap",
            "file":"minecraft:guis/prefixes/three.png",
            "ascent":7,
            "height":8,
            "chars":[
                "ㅁ"
            ]
        },
        {
            "type":"bitmap",
            "file":"minecraft:guis/prefixes/four.png",
            "ascent":7,
            "height":8,
            "chars":[
                "ㅂ"
            ]
        },
        {
            "type":"bitmap",
            "file":"minecraft:guis/prefixes/five.png",
            "ascent":7,
            "height":8,
            "chars":[
                "ㅃ"
            ]
        },
        {
            "type":"bitmap",
            "file":"minecraft:guis/prefixes/six.png",
            "ascent":7,
            "height":8,
            "chars":[
                "ㅄ"
            ]
        },
        {
            "type":"bitmap",
            "file":"minecraft:guis/prefixes/seven.png",
            "ascent":7,
            "height":8,
            "chars":[
                "ㅅ"
            ]
        },
        {
            "type":"bitmap",
            "file":"minecraft:guis/prefixes/eight.png",
            "ascent":7,
            "height":8,
            "chars":[
                "ㅆ"
            ]
        },
        {
            "type":"bitmap",
            "file":"minecraft:guis/prefixes/nine.png",
            "ascent":7,
            "height":8,
            "chars":[
                "ㅇ"
            ]
        },
        {
            "type":"bitmap",
            "file":"minecraft:guis/prefixes/ten.png",
            "ascent":7,
            "height":8,
            "chars":[
                "ㅈ"
            ]
        },
        {
            "type":"bitmap",
            "file":"minecraft:guis/prefixes/eleven.png",
            "ascent":7,
            "height":8,
            "chars":[
                "ㅉ"
            ]
        },
        {
            "type":"bitmap",
            "file":"minecraft:guis/prefixes/twelve.png",
            "ascent":7,
            "height":8,
            "chars":[
                "ㅗ"
            ]
        },
        {
            "type":"bitmap",
            "file":"minecraft:guis/prefixes/thirteen.png",
            "ascent":7,
            "height":8,
            "chars":[
                "ㅘ"
            ]
        },
        {
            "type":"bitmap",
            "file":"minecraft:guis/prefixes/fourteen.png",
            "ascent":7,
            "height":8,
            "chars":[
                "ㅌ"
            ]
        },
        {
            "type":"bitmap",
            "file":"minecraft:guis/prefixes/fifteen.png",
            "ascent":7,
            "height":8,
            "chars":[
                "ㅍ"
            ]
        },
        {
            "type":"bitmap",
            "file":"minecraft:guis/prefixes/sixteen.png",
            "ascent":7,
            "height":8,
            "chars":[
                "ㅎ"
            ]
        },
        {
            "type":"bitmap",
            "file":"minecraft:guis/prefixes/seventeen.png",
            "ascent":7,
            "height":8,
            "chars":[
                "ㅏ"
            ]
        },
        {
            "type":"bitmap",
            "file":"minecraft:guis/prefixes/eighteen.png",
            "ascent":7,
            "height":8,
            "chars":[
                "ㅐ"
            ]
        },
        {
            "type":"bitmap",
            "file":"minecraft:guis/prefixes/nineteen.png",
            "ascent":7,
            "height":8,
            "chars":[
                "ㅑ"
            ]
        },
        {
            "type":"bitmap",
            "file":"minecraft:guis/prefixes/twenty.png",
            "ascent":7,
            "height":8,
            "chars":[
                "ㅚ"
            ]
        },
        {
            "type":"bitmap",
            "file":"minecraft:guis/prefixes/twentyone.png",
            "ascent":7,
            "height":8,
            "chars":[
                "ㅓ"
            ]
        },
        {
            "type":"bitmap",
            "file":"minecraft:guis/prefixes/twentytwo.png",
            "ascent":7,
            "height":8,
            "chars":[
                "ㅔ"
            ]
        },
        {
            "type":"bitmap",
            "file":"minecraft:guis/prefixes/twentythree.png",
            "ascent":7,
            "height":8,
            "chars":[
                "ㅕ"
            ]
        },
        {
            "type":"bitmap",
            "file":"minecraft:guis/prefixes/twentyfour.png",
            "ascent":7,
            "height":8,
            "chars":[
                "ㅖ"
            ]
        },










        {
            "type":"bitmap",
            "file":"minecraft:guis/menus/ranks/knightrank.png",
            "ascent":14,
            "height":75,
            "chars":[
                "⊦"
            ]
        },
        {
            "type":"bitmap",
            "file":"minecraft:guis/menus/ranks/lordrank.png",
            "ascent":14,
            "height":75,
            "chars":[
                "⊧"
            ]
        },
        {
            "type":"bitmap",
            "file":"minecraft:guis/menus/ranks/paladinrank.png",
            "ascent":14,
            "height":75,
            "chars":[
                "⊨"
            ]
        },
        {
            "type":"bitmap",
            "file":"minecraft:guis/menus/ranks/dukerank.png",
            "ascent":14,
            "height":75,
            "chars":[
                "⊩"
            ]
        },
        {
            "type":"bitmap",
            "file":"minecraft:guis/menus/ranks/kingrank.png",
            "ascent":14,
            "height":75,
            "chars":[
                "⊪"
            ]
        },







        {
            "type":"bitmap",
            "file":"minecraft:guis/menus/warps/warps.png",
            "ascent":33,
            "height":94,
            "chars":[
                "✄"
            ]
        },






        {
            "type":"bitmap",
            "file":"minecraft:guis/menus/crates/votecrate.png",
            "ascent":33,
            "height":112,
            "chars":[
                "⊫"
            ]
        },
        {
            "type":"bitmap",
            "file":"minecraft:guis/menus/crates/commoncrate.png",
            "ascent":33,
            "height":112,
            "chars":[
                "⊬"
            ]
        },
        {
            "type":"bitmap",
            "file":"minecraft:guis/menus/crates/rarecrate.png",
            "ascent":33,
            "height":112,
            "chars":[
                "ㆁ"
            ]
        },
        {
            "type":"bitmap",
            "file":"minecraft:guis/menus/crates/epiccrate.png",
            "ascent":33,
            "height":112,
            "chars":[
                "⊭"
            ]
        },
        {
            "type":"bitmap",
            "file":"minecraft:guis/menus/crates/superiorcrate.png",
            "ascent":33,
            "height":112,
            "chars":[
                "⊮"
            ]
        },








        {
            "type":"bitmap",
            "file":"minecraft:guis/icons/skull.png",
            "ascent":7,
            "height":7,
            "chars":[
                "₪"
            ]
        },
        {
            "type":"bitmap",
            "file":"minecraft:guis/icons/heart.png",
            "ascent":8,
            "height":8,
            "chars":[
                "₫"
            ]
        },
        {
            "type":"bitmap",
            "file":"minecraft:guis/icons/staricon.png",
            "ascent":7,
            "height":7,
            "chars":[
                "け"
            ]
        },
        {
            "type":"bitmap",
            "file":"minecraft:guis/icons/auction.png",
            "ascent":16,
            "height":16,
            "chars":[
                "Ⓦ"
            ]
        },
        {
            "type":"bitmap",
            "file":"minecraft:guis/icons/npc.png",
            "ascent":9,
            "height":16,
            "chars":[
                "Ⓨ"
            ]
        },
        {
            "type":"bitmap",
            "file":"minecraft:guis/icons/shop.png",
            "ascent":16,
            "height":16,
            "chars":[
                "Ⓩ"
            ]
        },
        {
            "type":"bitmap",
            "file":"minecraft:guis/icons/toolskins.png",
            "ascent":16,
            "height":16,
            "chars":[
                "ㅒ"
            ]
        },
        {
            "type":"bitmap",
            "file":"minecraft:guis/icons/leaderboards.png",
            "ascent":16,
            "height":16,
            "chars":[
                "⑃"
            ]
        },
        {
            "type":"bitmap",
            "file":"minecraft:guis/icons/clock.png",
            "ascent":7,
            "height":7,
            "chars":[
                "㊈"
            ]
        },
        {
            "type":"bitmap",
            "file":"minecraft:guis/icons/votes.png",
            "ascent":7,
            "height":7,
            "chars":[
                "㊇"
            ]
        },
        {
            "type":"bitmap",
            "file":"minecraft:guis/icons/feather.png",
            "ascent":7,
            "height":7,
            "chars":[
                "ㅋ"
            ]
        },
        {
            "type":"bitmap",
            "file":"minecraft:guis/icons/coin.png",
            "ascent":7,
            "height":7,
            "chars":[
                "㊆"
            ]
        },
        {
            "type":"bitmap",
            "file":"minecraft:guis/icons/money.png",
            "ascent":7,
            "height":7,
            "chars":[
                "㊅"
            ]
        },
        {
            "type":"bitmap",
            "file":"minecraft:guis/icons/worlds.png",
            "ascent":7,
            "height":7,
            "chars":[
                "ㅊ"
            ]
        },
        {
            "type":"bitmap",
            "file":"minecraft:guis/icons/sword.png",
            "ascent":7,
            "height":7,
            "chars":[
                "㊄"
            ]
        },
        {
            "type":"bitmap",
            "file":"minecraft:guis/icons/claim.png",
            "ascent":7,
            "height":7,
            "chars":[
                "👂"
            ]
        },
        {
            "type":"bitmap",
            "file":"minecraft:guis/icons/coinshop.png",
            "ascent":16,
            "height":16,
            "chars":[
                "╇"
            ]
        },
        {
            "type":"bitmap",
            "file":"minecraft:guis/icons/cosmetics.png",
            "ascent":16,
            "height":16,
            "chars":[
                "╈"
            ]
        },
        {
            "type":"bitmap",
            "file":"minecraft:guis/icons/deliveries.png",
            "ascent":16,
            "height":16,
            "chars":[
                "╉"
            ]
        },
        {
            "type":"bitmap",
            "file":"minecraft:guis/icons/factories.png",
            "ascent":16,
            "height":16,
            "chars":[
                "╊"
            ]
        },
        {
            "type":"bitmap",
            "file":"minecraft:guis/icons/help.png",
            "ascent":16,
            "height":16,
            "chars":[
                "╋"
            ]
        },
        {
            "type":"bitmap",
            "file":"minecraft:guis/icons/jobs.png",
            "ascent":16,
            "height":16,
            "chars":[
                "╒"
            ]
        },
        {
            "type":"bitmap",
            "file":"minecraft:guis/icons/kits.png",
            "ascent":16,
            "height":16,
            "chars":[
                "╕"
            ]
        },
        {
            "type":"bitmap",
            "file":"minecraft:guis/icons/levels.png",
            "ascent":16,
            "height":16,
            "chars":[
                "╓"
            ]
        },
        {
            "type":"bitmap",
            "file":"minecraft:guis/icons/pw.png",
            "ascent":16,
            "height":16,
            "chars":[
                "╖"
            ]
        },
        {
            "type":"bitmap",
            "file":"minecraft:guis/icons/quests.png",
            "ascent":16,
            "height":16,
            "chars":[
                "╔"
            ]
        },
        {
            "type":"bitmap",
            "file":"minecraft:guis/icons/rewards.png",
            "ascent":16,
            "height":16,
            "chars":[
                "╗"
            ]
        },
        {
            "type":"bitmap",
            "file":"minecraft:guis/icons/rtp.png",
            "ascent":16,
            "height":16,
            "chars":[
                "╘"
            ]
        },
        {
            "type":"bitmap",
            "file":"minecraft:guis/icons/skills.png",
            "ascent":16,
            "height":16,
            "chars":[
                "╛"
            ]
        },
        {
            "type":"bitmap",
            "file":"minecraft:guis/icons/store.png",
            "ascent":16,
            "height":16,
            "chars":[
                "╙"
            ]
        },
        {
            "type":"bitmap",
            "file":"minecraft:guis/icons/tags.png",
            "ascent":16,
            "height":16,
            "chars":[
                "╜"
            ]
        },
        {
            "type":"bitmap",
            "file":"minecraft:guis/icons/teams.png",
            "ascent":16,
            "height":16,
            "chars":[
                "╚"
            ]
        },
        {
            "type":"bitmap",
            "file":"minecraft:guis/icons/warps.png",
            "ascent":16,
            "height":16,
            "chars":[
                "╝"
            ]
        },
        {
            "type":"bitmap",
            "file":"minecraft:guis/icons/weekendgrinder.png",
            "ascent":16,
            "height":16,
            "chars":[
                "╞"
            ]
        },
        {
            "type":"bitmap",
            "file":"minecraft:guis/icons/lottery.png",
            "ascent":15,
            "height":15,
            "chars":[
                "ㅙ"
            ]
        },
        {
            "type":"bitmap",
            "file":"minecraft:guis/icons/dailyrewards.png",
            "ascent":16,
            "height":16,
            "chars":[
                "🎃"
            ]
        },
        {
            "type":"bitmap",
            "file":"minecraft:guis/icons/enchantedbook.png",
            "ascent":16,
            "height":16,
            "chars":[
                "〆"
            ]
        },









        {
            "type":"bitmap",
            "file":"minecraft:guis/menus/serverguide/serverguide.png",
            "ascent":18,
            "height":95,
            "chars":[
                "🎁"
            ]
        },
        {
            "type":"bitmap",
            "file":"minecraft:guis/menus/serverguide/serverguideextended.png",
            "ascent":18,
            "height":95,
            "chars":[
                "🎋"
            ]
        },








        {
            "type":"bitmap",
            "file":"minecraft:guis/menus/settings/settingsone.png",
            "ascent":24,
            "height":103,
            "chars":[
                "🔮"
            ]
        },
        {
            "type":"bitmap",
            "file":"minecraft:guis/menus/settings/settingstwo.png",
            "ascent":24,
            "height":103,
            "chars":[
                "🎥"
            ]
        },










        {
            "type":"bitmap",
            "file":"minecraft:guis/menus/discoverycodex/discoverycodex.png",
            "ascent":18,
            "height":95,
            "chars":[
                "🎉"
            ]
        },
        {
            "type":"bitmap",
            "file":"minecraft:guis/menus/discoverycodex/discoverregions.png",
            "ascent":36,
            "height":113,
            "chars":[
                "🎊"
            ]
        },
        {
            "type":"bitmap",
            "file":"minecraft:guis/menus/discoverycodex/discoverfeatures.png",
            "ascent":36,
            "height":131,
            "chars":[
                "🎈"
            ]
        },
        {
            "type":"bitmap",
            "file":"minecraft:guis/menus/discoverycodex/codexobjectives.png",
            "ascent":36,
            "height":113,
            "chars":[
                "🎌"
            ]
        },











        {
            "type":"bitmap",
            "file":"minecraft:guis/menus/kits/kits.png",
            "ascent":14,
            "height":75,
            "chars":[
                "さ"
            ]
        },
        {
            "type":"bitmap",
            "file":"minecraft:guis/menus/kits/kitsstarter.png",
            "ascent":37,
            "height":98,
            "chars":[
                "し"
            ]
        },
        {
            "type":"bitmap",
            "file":"minecraft:guis/menus/kits/kitsranked.png",
            "ascent":37,
            "height":98,
            "chars":[
                "ざ"
            ]
        },
        {
            "type":"bitmap",
            "file":"minecraft:guis/menus/kits/previewknight.png",
            "ascent":36,
            "height":131,
            "chars":[
                "♎"
            ]
        },
        {
            "type":"bitmap",
            "file":"minecraft:guis/menus/kits/previewlord.png",
            "ascent":36,
            "height":131,
            "chars":[
                "♏"
            ]
        },
        {
            "type":"bitmap",
            "file":"minecraft:guis/menus/kits/previewpaladin.png",
            "ascent":36,
            "height":131,
            "chars":[
                "♐"
            ]
        },
        {
            "type":"bitmap",
            "file":"minecraft:guis/menus/kits/previewduke.png",
            "ascent":36,
            "height":131,
            "chars":[
                "♑"
            ]
        },
        {
            "type":"bitmap",
            "file":"minecraft:guis/menus/kits/previewking.png",
            "ascent":36,
            "height":131,
            "chars":[
                "♒"
            ]
        },













        {
            "type":"bitmap",
            "file":"minecraft:guis/menus/jobsmenu/menu.png",
            "ascent":20,
            "height":96,
            "chars":[
                "✃"
            ]
        },



        {
            "type":"bitmap",
            "file":"minecraft:guis/menus/jobsmenu/jobearnings.png",
            "ascent":18,
            "height":131,
            "chars":[
                "⇮"
            ]
        },
        {
            "type":"bitmap",
            "file":"minecraft:guis/menus/jobsmenu/jobminer.png",
            "ascent":19,
            "height":134,
            "chars":[
                "✁"
            ]
        },
        {
            "type":"bitmap",
            "file":"minecraft:guis/menus/jobsmenu/joblumberjack.png",
            "ascent":19,
            "height":134,
            "chars":[
                "⇯"
            ]
        },
        {
            "type":"bitmap",
            "file":"minecraft:guis/menus/jobsmenu/jobdigger.png",
            "ascent":19,
            "height":134,
            "chars":[
                "⇱"
            ]
        },
        {
            "type":"bitmap",
            "file":"minecraft:guis/menus/jobsmenu/jobfarmer.png",
            "ascent":19,
            "height":134,
            "chars":[
                "⇲"
            ]
        },
        {
            "type":"bitmap",
            "file":"minecraft:guis/menus/jobsmenu/jobbuilder.png",
            "ascent":19,
            "height":134,
            "chars":[
                "⇴"
            ]
        },
        {
            "type":"bitmap",
            "file":"minecraft:guis/menus/jobsmenu/jobcrafter.png",
            "ascent":19,
            "height":134,
            "chars":[
                "⇵"
            ]
        },
        {
            "type":"bitmap",
            "file":"minecraft:guis/menus/jobsmenu/jobhunter.png",
            "ascent":19,
            "height":134,
            "chars":[
                "⇷"
            ]
        },
        {
            "type":"bitmap",
            "file":"minecraft:guis/menus/jobsmenu/jobshepherd.png",
            "ascent":19,
            "height":134,
            "chars":[
                "⇸"
            ]
        },
        {
            "type":"bitmap",
            "file":"minecraft:guis/menus/jobsmenu/jobfisher.png",
            "ascent":19,
            "height":134,
            "chars":[
                "⇹"
            ]
        },
        {
            "type":"bitmap",
            "file":"minecraft:guis/menus/jobsmenu/jobbrewer.png",
            "ascent":19,
            "height":134,
            "chars":[
                "⇺"
            ]
        },
        {
            "type":"bitmap",
            "file":"minecraft:guis/menus/jobsmenu/jobexplorer.png",
            "ascent":19,
            "height":134,
            "chars":[
                "⥷"
            ]
        },
        {
            "type":"bitmap",
            "file":"minecraft:guis/menus/jobsmenu/jobblacksmith.png",
            "ascent":19,
            "height":134,
            "chars":[
                "⭃"
            ]
        },





        {
            "type":"bitmap",
            "file":"minecraft:guis/menus/jobsmenu/pointshopvaluables.png",
            "ascent":18,
            "height":131,
            "chars":[
                "ㅪ"
            ]
        },
        {
            "type":"bitmap",
            "file":"minecraft:guis/menus/jobsmenu/pointshopweapons.png",
            "ascent":18,
            "height":131,
            "chars":[
                "⇰"
            ]
        },
        {
            "type":"bitmap",
            "file":"minecraft:guis/menus/jobsmenu/pointshoptools.png",
            "ascent":18,
            "height":131,
            "chars":[
                "⇫"
            ]
        },
        {
            "type":"bitmap",
            "file":"minecraft:guis/menus/jobsmenu/pointshoparmor.png",
            "ascent":18,
            "height":131,
            "chars":[
                "⇬"
            ]
        },
        {
            "type":"bitmap",
            "file":"minecraft:guis/menus/jobsmenu/pointshoppotions.png",
            "ascent":18,
            "height":131,
            "chars":[
                "⇭"
            ]
        },






        {
            "type":"bitmap",
            "file":"minecraft:guis/menus/jobsmenu/levelsminer.png",
            "ascent":19,
            "height":116,
            "chars":[
                "⬳"
            ]
        },
        {
            "type":"bitmap",
            "file":"minecraft:guis/menus/jobsmenu/levelslumberjack.png",
            "ascent":19,
            "height":116,
            "chars":[
                "⟿"
            ]
        },
        {
            "type":"bitmap",
            "file":"minecraft:guis/menus/jobsmenu/levelsdigger.png",
            "ascent":19,
            "height":116,
            "chars":[
                "⤉"
            ]
        },
        {
            "type":"bitmap",
            "file":"minecraft:guis/menus/jobsmenu/levelsfarmer.png",
            "ascent":19,
            "height":116,
            "chars":[
                "⤈"
            ]
        },
        {
            "type":"bitmap",
            "file":"minecraft:guis/menus/jobsmenu/levelsbuilder.png",
            "ascent":19,
            "height":116,
            "chars":[
                "⇻"
            ]
        },
        {
            "type":"bitmap",
            "file":"minecraft:guis/menus/jobsmenu/levelscrafter.png",
            "ascent":19,
            "height":116,
            "chars":[
                "⤝"
            ]
        },
        {
            "type":"bitmap",
            "file":"minecraft:guis/menus/jobsmenu/levelshunter.png",
            "ascent":19,
            "height":116,
            "chars":[
                "⤞"
            ]
        },
        {
            "type":"bitmap",
            "file":"minecraft:guis/menus/jobsmenu/levelsshepherd.png",
            "ascent":19,
            "height":116,
            "chars":[
                "⤟"
            ]
        },
        {
            "type":"bitmap",
            "file":"minecraft:guis/menus/jobsmenu/levelsfisher.png",
            "ascent":19,
            "height":116,
            "chars":[
                "⤠"
            ]
        },
        {
            "type":"bitmap",
            "file":"minecraft:guis/menus/jobsmenu/levelsbrewer.png",
            "ascent":19,
            "height":116,
            "chars":[
                "⤡"
            ]
        },
        {
            "type":"bitmap",
            "file":"minecraft:guis/menus/jobsmenu/levelsexplorer.png",
            "ascent":19,
            "height":116,
            "chars":[
                "⤢"
            ]
        },
        {
            "type":"bitmap",
            "file":"minecraft:guis/menus/jobsmenu/levelsblacksmith.png",
            "ascent":19,
            "height":116,
            "chars":[
                "⤣"
            ]
        },










        {
            "type":"bitmap",
            "file":"minecraft:guis/menus/shopmenu/weapons.png",
            "ascent":18,
            "height":133,
            "chars":[
                "⟼"
            ]
        },
        {
            "type":"bitmap",
            "file":"minecraft:guis/menus/shopmenu/blocks.png",
            "ascent":18,
            "height":133,
            "chars":[
                "⟻"
            ]
        },
        {
            "type":"bitmap",
            "file":"minecraft:guis/menus/shopmenu/colors.png",
            "ascent":18,
            "height":133,
            "chars":[
                "⤒"
            ]
        },
        {
            "type":"bitmap",
            "file":"minecraft:guis/menus/shopmenu/decoration.png",
            "ascent":18,
            "height":133,
            "chars":[
                "⤓"
            ]
        },
        {
            "type":"bitmap",
            "file":"minecraft:guis/menus/shopmenu/mobdrops.png",
            "ascent":18,
            "height":133,
            "chars":[
                "⤙"
            ]
        },
        {
            "type":"bitmap",
            "file":"minecraft:guis/menus/shopmenu/farming.png",
            "ascent":18,
            "height":133,
            "chars":[
                "⤛"
            ]
        },
        {
            "type":"bitmap",
            "file":"minecraft:guis/menus/shopmenu/foods.png",
            "ascent":18,
            "height":133,
            "chars":[
                "⤜"
            ]
        },
        {
            "type":"bitmap",
            "file":"minecraft:guis/menus/shopmenu/minerals.png",
            "ascent":18,
            "height":133,
            "chars":[
                "⥼"
            ]
        },
        {
            "type":"bitmap",
            "file":"minecraft:guis/menus/shopmenu/redstone.png",
            "ascent":18,
            "height":133,
            "chars":[
                "⥿"
            ]
        },
        {
            "type":"bitmap",
            "file":"minecraft:guis/menus/shopmenu/tools.png",
            "ascent":18,
            "height":133,
            "chars":[
                "⤼"
            ]
        },
        {
            "type":"bitmap",
            "file":"minecraft:guis/menus/shopmenu/wood.png",
            "ascent":18,
            "height":133,
            "chars":[
                "⤽"
            ]
        },
        {
            "type":"bitmap",
            "file":"minecraft:guis/menus/shopmenu/buying.png",
            "ascent":30,
            "height":109,
            "chars":[
                "☍"
            ]
        },
        {
            "type":"bitmap",
            "file":"minecraft:guis/menus/shopmenu/selling.png",
            "ascent":30,
            "height":109,
            "chars":[
                "☌"
            ]
        },
        {
            "type":"bitmap",
            "file":"minecraft:guis/menus/shopmenu/misc.png",
            "ascent":18,
            "height":133,
            "chars":[
                "৳"
            ]
        },











        {
            "type":"bitmap",
            "file":"minecraft:guis/menus/rtp/worldminingnetherend.png",
            "ascent":22,
            "height":119,
            "chars":[
                "♫"
            ]
        },










        {
            "type":"bitmap",
            "file":"minecraft:guis/menus/leaderboards/leaderboards.png",
            "ascent":33,
            "height":112,
            "chars":[
                "↩"
            ]
        },











        {
            "type":"bitmap",
            "file":"minecraft:guis/menus/factories/factoriesmenuarrow.png",
            "ascent":17,
            "height":114,
            "chars":[
                "㊝"
                        ]
        },
        {
            "type":"bitmap",
            "file":"minecraft:guis/menus/factories/factoriesmenubook.png",
            "ascent":17,
            "height":114,
            "chars":[
                "㊞"
                        ]
        },
        {
            "type":"bitmap",
            "file":"minecraft:guis/menus/factories/factoriesmenubrick.png",
            "ascent":17,
            "height":114,
            "chars":[
                "㊟"
                        ]
        },
        {
            "type":"bitmap",
            "file":"minecraft:guis/menus/factories/factoriesmenucharcoal.png",
            "ascent":17,
            "height":114,
            "chars":[
                "㊠"
                        ]
        },
        {
            "type":"bitmap",
            "file":"minecraft:guis/menus/factories/factoriesmenucopper.png",
            "ascent":17,
            "height":114,
            "chars":[
                "㊡"
                        ]
        },
        {
            "type":"bitmap",
            "file":"minecraft:guis/menus/factories/factoriesmenudiamond.png",
            "ascent":17,
            "height":114,
            "chars":[
                "㊢"
                        ]
        },
        {
            "type":"bitmap",
            "file":"minecraft:guis/menus/factories/factoriesmenufirework.png",
            "ascent":17,
            "height":114,
            "chars":[
                "㊣"
                        ]
        },
        {
            "type":"bitmap",
            "file":"minecraft:guis/menus/factories/factoriesmenugasoline.png",
            "ascent":17,
            "height":114,
            "chars":[
                "㊤"
                        ]
        },
        {
            "type":"bitmap",
            "file":"minecraft:guis/menus/factories/factoriesmenugold.png",
            "ascent":17,
            "height":114,
            "chars":[
                "㊥"
                        ]
        },
        {
            "type":"bitmap",
            "file":"minecraft:guis/menus/factories/factoriesmenuhydrogen.png",
            "ascent":17,
            "height":114,
            "chars":[
                "㊦"
                        ]
        },
        {
            "type":"bitmap",
            "file":"minecraft:guis/menus/factories/factoriesmenuiron.png",
            "ascent":17,
            "height":114,
            "chars":[
                "㊧"
                        ]
        },
        {
            "type":"bitmap",
            "file":"minecraft:guis/menus/factories/factoriesmenuitemframe.png",
            "ascent":17,
            "height":114,
            "chars":[
                "㊨"
                        ]
        },
        {
            "type":"bitmap",
            "file":"minecraft:guis/menus/factories/factoriesmenunetherite.png",
            "ascent":17,
            "height":114,
            "chars":[
                "㊩"
                        ]
        },
        {
            "type":"bitmap",
            "file":"minecraft:guis/menus/factories/factoriesmenunetherstar.png",
            "ascent":17,
            "height":114,
            "chars":[
                "㊪"
                        ]
        },
        {
            "type":"bitmap",
            "file":"minecraft:guis/menus/factories/factoriesmenuoil.png",
            "ascent":17,
            "height":114,
            "chars":[
                "㊫"
                        ]
        },
        {
            "type":"bitmap",
            "file":"minecraft:guis/menus/factories/factoriesmenuquartz.png",
            "ascent":17,
            "height":114,
            "chars":[
                "㊬"
                        ]
        },
        {
            "type":"bitmap",
            "file":"minecraft:guis/menus/factories/factoriesmenustring.png",
            "ascent":17,
            "height":114,
            "chars":[
                "㊭"
                        ]
        },
        {
            "type":"bitmap",
            "file":"minecraft:guis/menus/factories/factoriesmenuuranium.png",
            "ascent":17,
            "height":114,
            "chars":[
                "㊮"
                        ]
        },
        {
            "type":"bitmap",
            "file":"minecraft:guis/menus/factories/factoriesmenuwheat.png",
            "ascent":17,
            "height":114,
            "chars":[
                "㊯"
                        ]
        },
        {
            "type":"bitmap",
            "file":"minecraft:guis/menus/factories/factoriesmenuwood.png",
            "ascent":17,
            "height":114,
            "chars":[
                "📥"
                        ]
        },








        {
            "type":"bitmap",
            "file":"minecraft:guis/menus/factories/factoriesarrow.png",
            "ascent":17,
            "height":114,
            "chars":[
                "㊊"
                        ]
        },
        {
            "type":"bitmap",
            "file":"minecraft:guis/menus/factories/factoriesbook.png",
            "ascent":17,
            "height":114,
            "chars":[
                "㊋"
                        ]
        },
        {
            "type":"bitmap",
            "file":"minecraft:guis/menus/factories/factoriesbrick.png",
            "ascent":17,
            "height":114,
            "chars":[
                "㊌"
                        ]
        },
        {
            "type":"bitmap",
            "file":"minecraft:guis/menus/factories/factoriescharcoal.png",
            "ascent":17,
            "height":114,
            "chars":[
                "㊍"
                        ]
        },
        {
            "type":"bitmap",
            "file":"minecraft:guis/menus/factories/factoriescopper.png",
            "ascent":17,
            "height":114,
            "chars":[
                "㊎"
                        ]
        },
        {
            "type":"bitmap",
            "file":"minecraft:guis/menus/factories/factoriesdiamond.png",
            "ascent":17,
            "height":114,
            "chars":[
                "㊏"
                        ]
        },
        {
            "type":"bitmap",
            "file":"minecraft:guis/menus/factories/factoriesfirework.png",
            "ascent":17,
            "height":114,
            "chars":[
                "㊐"
                        ]
        },
        {
            "type":"bitmap",
            "file":"minecraft:guis/menus/factories/factoriesgasoline.png",
            "ascent":17,
            "height":114,
            "chars":[
                "㊑"
                        ]
        },
        {
            "type":"bitmap",
            "file":"minecraft:guis/menus/factories/factoriesgoldingot.png",
            "ascent":17,
            "height":114,
            "chars":[
                "㊒"
                        ]
        },
        {
            "type":"bitmap",
            "file":"minecraft:guis/menus/factories/factorieshydrogen.png",
            "ascent":17,
            "height":114,
            "chars":[
                "㊓"
                        ]
        },
        {
            "type":"bitmap",
            "file":"minecraft:guis/menus/factories/factoriesironingot.png",
            "ascent":17,
            "height":114,
            "chars":[
                "㊔"
                        ]
        },
        {
            "type":"bitmap",
            "file":"minecraft:guis/menus/factories/factoriesitemframe.png",
            "ascent":17,
            "height":114,
            "chars":[
                "㊕"
                        ]
        },
        {
            "type":"bitmap",
            "file":"minecraft:guis/menus/factories/factoriesnetherite.png",
            "ascent":17,
            "height":114,
            "chars":[
                "㊖"
                        ]
        },
        {
            "type":"bitmap",
            "file":"minecraft:guis/menus/factories/factoriesnetherstar.png",
            "ascent":17,
            "height":114,
            "chars":[
                "㊗"
                        ]
        },
        {
            "type":"bitmap",
            "file":"minecraft:guis/menus/factories/factoriesoil.png",
            "ascent":17,
            "height":114,
            "chars":[
                "㊘"
                        ]
        },
        {
            "type":"bitmap",
            "file":"minecraft:guis/menus/factories/factoriesquartz.png",
            "ascent":17,
            "height":114,
            "chars":[
                "㊙"
                        ]
        },
        {
            "type":"bitmap",
            "file":"minecraft:guis/menus/factories/factoriesstring.png",
            "ascent":17,
            "height":114,
            "chars":[
                "㊚"
                        ]
        },
        {
            "type":"bitmap",
            "file":"minecraft:guis/menus/factories/factoriesuranium.png",
            "ascent":17,
            "height":114,
            "chars":[
                "㊛"
                        ]
        },
        {
            "type":"bitmap",
            "file":"minecraft:guis/menus/factories/factorieswheat.png",
            "ascent":17,
            "height":114,
            "chars":[
                "ず"
                        ]
        },
        {
            "type":"bitmap",
            "file":"minecraft:guis/menus/factories/factorieswood.png",
            "ascent":17,
            "height":114,
            "chars":[
                "㊜"
                        ]
        },








        {
            "type":"bitmap",
            "file":"minecraft:guis/menus/factories/factoriesall.png",
            "ascent":21,
            "height":119,
            "chars":[
                "ま"
                        ]
        },
        {
            "type":"bitmap",
            "file":"minecraft:guis/menus/factories/factoriesrewards.png",
            "ascent":21,
            "height":119,
            "chars":[
                "ぽ"
                        ]
        },
        {
            "type":"bitmap",
            "file":"minecraft:guis/menus/factories/researchone.png",
            "ascent":22,
            "height":119,
            "chars":[
                "ぺ"
                        ]
        },
        {
            "type":"bitmap",
            "file":"minecraft:guis/menus/factories/researchtwo.png",
            "ascent":22,
            "height":119,
            "chars":[
                "べ"
                        ]
        },
        {
            "type":"bitmap",
            "file":"minecraft:guis/menus/factories/researchthree.png",
            "ascent":22,
            "height":119,
            "chars":[
                "へ"
                        ]
        },














        {
            "type":"bitmap",
            "file":"minecraft:guis/menus/pixel.png",
            "ascent":-2000,
            "height":-3,
            "chars":[
                "七"
            ]
        },
        {
            "type":"bitmap",
            "file":"minecraft:guis/menus/auctionmenu/auctionmain.png",
            "ascent":18,
            "height":113,
            "chars":[
                "ㅫ"
            ]
        },
        {
            "type":"bitmap",
            "file":"minecraft:guis/menus/auctionmenu/expireditems.png",
            "ascent":18,
            "height":95,
            "chars":[
                "⤱"
            ]
        },
        {
            "type":"bitmap",
            "file":"minecraft:guis/menus/auctionmenu/myitems.png",
            "ascent":18,
            "height":95,
            "chars":[
                "⤰"
            ]
        },
        {
            "type":"bitmap",
            "file":"minecraft:guis/menus/auctionmenu/soldandunclaimed.png",
            "ascent":18,
            "height":95,
            "chars":[
                "⤯"
            ]
        },
        {
            "type":"bitmap",
            "file":"minecraft:guis/menus/auctionmenu/category.png",
            "ascent":16,
            "height":60,
            "chars":[
                "⤮"
            ]
        },
        {
            "type":"bitmap",
            "file":"minecraft:guis/menus/auctionmenu/currencyselector.png",
            "ascent":16,
            "height":60,
            "chars":[
                "⤦"
            ]
        },









        {
            "type":"bitmap",
            "file":"minecraft:guis/menus/playerwarps/allwarps.png",
            "ascent":18,
            "height":95,
            "chars":[
                "ㅜ"
            ]
        },
        {
            "type":"bitmap",
            "file":"minecraft:guis/menus/playerwarps/mywarps.png",
            "ascent":18,
            "height":95,
            "chars":[
                "ㅝ"
            ]
        },
        {
            "type":"bitmap",
            "file":"minecraft:guis/menus/playerwarps/managewarps.png",
            "ascent":16,
            "height":60,
            "chars":[
                "ㅞ"
            ]
        },











        {
            "type":"bitmap",
            "file":"minecraft:guis/menus/lottery/lotterymenu.png",
            "ascent":20,
            "height":99,
            "chars":[
                "♮"
            ]
        },
        {
            "type":"bitmap",
            "file":"minecraft:guis/menus/lottery/lotterytickets.png",
            "ascent":38,
            "height":99,
            "chars":[
                "♭"
            ]
        },








        {
            "type":"bitmap",
            "file":"minecraft:guis/menus/rewards/rewards.png",
            "ascent":25,
            "height":105,
            "chars":[
                "↫"
            ]
        },
        {
            "type":"bitmap",
            "file":"minecraft:guis/menus/rewards/rewardsnoreferral.png",
            "ascent":25,
            "height":105,
            "chars":[
                "↪"
            ]
        },










        {
            "type":"bitmap",
            "file":"minecraft:guis/menus/quests/questmenu.png",
            "ascent":15,
            "height":130,
            "chars":[
                "⟰"
            ]
        },
        {
            "type":"bitmap",
            "file":"minecraft:guis/menus/quests/questcategories.png",
            "ascent":17,
            "height":130,
            "chars":[
                "⤋"
            ]
        },
        {
            "type":"bitmap",
            "file":"minecraft:guis/menus/quests/cancelquest.png",
            "ascent":15,
            "height":76,
            "chars":[
                "⭅"
            ]
        },








        {
            "type":"bitmap",
            "file":"minecraft:guis/menus/dailyquests/dailyquests.png",
            "ascent":21,
            "height":101,
            "chars":[
                "🎐"
            ]
        },








        {
            "type":"bitmap",
            "file":"minecraft:guis/menus/teams/teams.png",
            "ascent":33,
            "height":76,
            "chars":[
                "🎄"
            ]
        },









        {
            "type":"bitmap",
            "file":"minecraft:guis/menus/playtimelevels/playtimelevels.png",
            "ascent":31,
            "height":110,
            "chars":[
                "≭"
            ]
        },












        {
            "type":"bitmap",
            "file":"minecraft:guis/menus/coinshop/menu.png",
            "ascent":18,
            "height":115,
            "chars":[
                "︼"
            ]
        },





        {
            "type":"bitmap",
            "file":"minecraft:guis/menus/coinshop/coinshopkeys.png",
            "ascent":18,
            "height":95,
            "chars":[
                "︽"
            ]
        },
        {
            "type":"bitmap",
            "file":"minecraft:guis/menus/coinshop/coinshopbackpacks.png",
            "ascent":18,
            "height":95,
            "chars":[
                "დ"
            ]
        },
        {
            "type":"bitmap",
            "file":"minecraft:guis/menus/coinshop/coinshopchatcolors.png",
            "ascent":18,
            "height":95,
            "chars":[
                "ღ"
            ]
        },
        {
            "type":"bitmap",
            "file":"minecraft:guis/menus/coinshop/coinshopclaimblocks.png",
            "ascent":18,
            "height":95,
            "chars":[
                "ლ"
            ]
        },
        {
            "type":"bitmap",
            "file":"minecraft:guis/menus/coinshop/coinshopfurniture.png",
            "ascent":18,
            "height":95,
            "chars":[
                "ও"
            ]
        },
        {
            "type":"bitmap",
            "file":"minecraft:guis/menus/coinshop/coinshopflytime.png",
            "ascent":18,
            "height":95,
            "chars":[
                "ლ"
            ]
        },
        {
            "type":"bitmap",
            "file":"minecraft:guis/menus/coinshop/coinshopglows.png",
            "ascent":18,
            "height":95,
            "chars":[
                "♀"
            ]
        },
        {
            "type":"bitmap",
            "file":"minecraft:guis/menus/coinshop/coinshopparticles.png",
            "ascent":18,
            "height":95,
            "chars":[
                "♂"
            ]
        },
        {
            "type":"bitmap",
            "file":"minecraft:guis/menus/coinshop/coinshopcommands.png",
            "ascent":18,
            "height":95,
            "chars":[
                "ꌇ"
            ]
        },
        {
            "type":"bitmap",
            "file":"minecraft:guis/menus/coinshop/coinshoppets.png",
            "ascent":18,
            "height":95,
            "chars":[
                "ꌈ"
            ]
        },
        {
            "type":"bitmap",
            "file":"minecraft:guis/menus/coinshop/coinshopranks.png",
            "ascent":18,
            "height":95,
            "chars":[
                "ꉕ"
            ]
        },
        {
            "type":"bitmap",
            "file":"minecraft:guis/menus/coinshop/coinshophats.png",
            "ascent":18,
            "height":95,
            "chars":[
                "ㅨ"
            ]
        },
        {
            "type":"bitmap",
            "file":"minecraft:guis/menus/coinshop/coinshoptoolskins.png",
            "ascent":18,
            "height":95,
            "chars":[
                "ㅩ"
            ]
        },











        {
            "type":"bitmap",
            "file":"minecraft:guis/menus/deliveries/deliveriesmenu.png",
            "ascent":20,
            "height":117,
            "chars":[
                "߈"
            ]
        },
        {
            "type":"bitmap",
            "file":"minecraft:guis/menus/deliveries/rewards.png",
            "ascent":36,
            "height":95,
            "chars":[
                "☎"
            ]
        },
        {
            "type":"bitmap",
            "file":"minecraft:guis/menus/deliveries/types.png",
            "ascent":36,
            "height":95,
            "chars":[
                "☏"
            ]
        },













        {
            "type":"bitmap",
            "file":"minecraft:guis/menus/pixel.png",
            "ascent":-2000,
            "height":-3,
            "chars":[
                "七"
            ]
        },
        {
            "type":"bitmap",
            "file":"minecraft:guis/menus/toolskins/toolskinsaxe.png",
            "ascent":18,
            "height":131,
            "chars":[
                "≝"
            ]
        },
        {
            "type":"bitmap",
            "file":"minecraft:guis/menus/toolskins/toolskinspickaxe.png",
            "ascent":18,
            "height":131,
            "chars":[
                "≞"
            ]
        },
        {
            "type":"bitmap",
            "file":"minecraft:guis/menus/toolskins/toolskinsshovel.png",
            "ascent":18,
            "height":131,
            "chars":[
                "≟"
            ]
        },
        {
            "type":"bitmap",
            "file":"minecraft:guis/menus/toolskins/toolskinssword.png",
            "ascent":18,
            "height":131,
            "chars":[
                "≜"
            ]
        },










        {
            "type":"bitmap",
            "file":"minecraft:guis/menus/skills/abilities.png",
            "ascent":20,
            "height":99,
            "chars":[
                "︷"
            ]
        },
        {
            "type":"bitmap",
            "file":"minecraft:guis/menus/skills/levels.png",
            "ascent":20,
            "height":117,
            "chars":[
                "︸"
            ]
        },
        {
            "type":"bitmap",
            "file":"minecraft:guis/menus/skills/skillsmenu.png",
            "ascent":18,
            "height":97,
            "chars":[
                "︹"
            ]
        },
        {
            "type":"bitmap",
            "file":"minecraft:guis/menus/skills/sources.png",
            "ascent":18,
            "height":131,
            "chars":[
                "︺"
            ]
        },
        {
            "type":"bitmap",
            "file":"minecraft:guis/menus/skills/stats.png",
            "ascent":20,
            "height":135,
            "chars":[
                "︻"
            ]
        },













        {
            "type":"bitmap",
            "file":"minecraft:guis/menus/tags/all.png",
            "ascent":18,
            "height":133,
            "chars":[
                "⍪"
            ]
        },
        {
            "type":"bitmap",
            "file":"minecraft:guis/menus/tags/animals.png",
            "ascent":18,
            "height":133,
            "chars":[
                "⍫"
            ]
        },
        {
            "type":"bitmap",
            "file":"minecraft:guis/menus/tags/foods.png",
            "ascent":18,
            "height":133,
            "chars":[
                "⍬"
            ]
        },
        {
            "type":"bitmap",
            "file":"minecraft:guis/menus/tags/games.png",
            "ascent":18,
            "height":133,
            "chars":[
                "⍭"
            ]
        },
        {
            "type":"bitmap",
            "file":"minecraft:guis/menus/tags/icons.png",
            "ascent":18,
            "height":133,
            "chars":[
                "⍮"
            ]
        },
        {
            "type":"bitmap",
            "file":"minecraft:guis/menus/tags/movies.png",
            "ascent":18,
            "height":133,
            "chars":[
                "⍯"
            ]
        },
        {
            "type":"bitmap",
            "file":"minecraft:guis/menus/tags/others.png",
            "ascent":18,
            "height":133,
            "chars":[
                "⍰"
            ]
        },








        {
            "type":"bitmap",
            "file":"minecraft:guis/menus/cosmetics/emotes.png",
            "ascent":18,
            "height":133,
            "chars":[
                "ㅡ"
            ]
        },
        {
            "type":"bitmap",
            "file":"minecraft:guis/menus/cosmetics/glows.png",
            "ascent":18,
            "height":133,
            "chars":[
                "ㅢ"
            ]
        },
        {
            "type":"bitmap",
            "file":"minecraft:guis/menus/cosmetics/hats.png",
            "ascent":18,
            "height":133,
            "chars":[
                "ㅥ"
            ]
        },
        {
            "type":"bitmap",
            "file":"minecraft:guis/menus/cosmetics/particles.png",
            "ascent":18,
            "height":133,
            "chars":[
                "ㅦ"
            ]
        },
        {
            "type":"bitmap",
            "file":"minecraft:guis/menus/cosmetics/pets.png",
            "ascent":18,
            "height":133,
            "chars":[
                "ㅧ"
            ]
        },








        {
            "type":"bitmap",
            "file":"minecraft:guis/menus/customenchants/customenchants.png",
            "ascent":18,
            "height":95,
            "chars":[
                "〄"
            ]
        },









        {
            "type":"bitmap",
            "file":"minecraft:guis/tags/alex.png",
            "ascent":7,
            "height":8,
            "chars":[
                "⌀"
            ]
        },
        {
            "type":"bitmap",
            "file":"minecraft:guis/tags/americanfootball.png",
            "ascent":7,
            "height":8,
            "chars":[
                "⌂"
            ]
        },
        {
            "type":"bitmap",
            "file":"minecraft:guis/tags/amongus.png",
            "ascent":7,
            "height":8,
            "chars":[
                "⌅"
            ]
        },
        {
            "type":"bitmap",
            "file":"minecraft:guis/tags/apple.png",
            "ascent":7,
            "height":8,
            "chars":[
                "⌆"
            ]
        },
        {
            "type":"bitmap",
            "file":"minecraft:guis/tags/banana.png",
            "ascent":7,
            "height":8,
            "chars":[
                "⌇"
            ]
        },
        {
            "type":"bitmap",
            "file":"minecraft:guis/tags/batman.png",
            "ascent":7,
            "height":8,
            "chars":[
                "⌈"
            ]
        },
        {
            "type":"bitmap",
            "file":"minecraft:guis/tags/bowser.png",
            "ascent":7,
            "height":8,
            "chars":[
                "⌉"
            ]
        },
        {
            "type":"bitmap",
            "file":"minecraft:guis/tags/broccoli.png",
            "ascent":7,
            "height":8,
            "chars":[
                "⌊"
            ]
        },
        {
            "type":"bitmap",
            "file":"minecraft:guis/tags/bulldog.png",
            "ascent":7,
            "height":8,
            "chars":[
                "⌋"
            ]
        },
        {
            "type":"bitmap",
            "file":"minecraft:guis/tags/cactus.png",
            "ascent":7,
            "height":8,
            "chars":[
                "⌌"
            ]
        },
        {
            "type":"bitmap",
            "file":"minecraft:guis/tags/camera.png",
            "ascent":7,
            "height":8,
            "chars":[
                "⌍"
            ]
        },
        {
            "type":"bitmap",
            "file":"minecraft:guis/tags/captainamerica.png",
            "ascent":7,
            "height":8,
            "chars":[
                "⌎"
            ]
        },
        {
            "type":"bitmap",
            "file":"minecraft:guis/tags/carrot.png",
            "ascent":7,
            "height":8,
            "chars":[
                "⌏"
            ]
        },
        {
            "type":"bitmap",
            "file":"minecraft:guis/tags/catblack.png",
            "ascent":7,
            "height":8,
            "chars":[
                "⌐"
            ]
        },
        {
            "type":"bitmap",
            "file":"minecraft:guis/tags/catorange.png",
            "ascent":7,
            "height":8,
            "chars":[
                "⌑"
            ]
        },
        {
            "type":"bitmap",
            "file":"minecraft:guis/tags/catwhite.png",
            "ascent":7,
            "height":8,
            "chars":[
                "⌒"
            ]
        },
        {
            "type":"bitmap",
            "file":"minecraft:guis/tags/chessblack.png",
            "ascent":7,
            "height":8,
            "chars":[
                "⌓"
            ]
        },
        {
            "type":"bitmap",
            "file":"minecraft:guis/tags/chesswhite.png",
            "ascent":7,
            "height":8,
            "chars":[
                "⌔"
            ]
        },
        {
            "type":"bitmap",
            "file":"minecraft:guis/tags/chip.png",
            "ascent":7,
            "height":8,
            "chars":[
                "⌕"
            ]
        },
        {
            "type":"bitmap",
            "file":"minecraft:guis/tags/clock.png",
            "ascent":7,
            "height":8,
            "chars":[
                "⌖"
            ]
        },
        {
            "type":"bitmap",
            "file":"minecraft:guis/tags/coins.png",
            "ascent":7,
            "height":8,
            "chars":[
                "⌗"
            ]
        },
        {
            "type":"bitmap",
            "file":"minecraft:guis/tags/corgi.png",
            "ascent":7,
            "height":8,
            "chars":[
                "⌘"
            ]
        },
        {
            "type":"bitmap",
            "file":"minecraft:guis/tags/crown.png",
            "ascent":7,
            "height":8,
            "chars":[
                "⌙"
            ]
        },
        {
            "type":"bitmap",
            "file":"minecraft:guis/tags/deadpool.png",
            "ascent":7,
            "height":8,
            "chars":[
                "⌚"
            ]
        },
        {
            "type":"bitmap",
            "file":"minecraft:guis/tags/death.png",
            "ascent":7,
            "height":8,
            "chars":[
                "⌛"
            ]
        },
        {
            "type":"bitmap",
            "file":"minecraft:guis/tags/divinghelmet.png",
            "ascent":7,
            "height":8,
            "chars":[
                "⌜"
            ]
        },
        {
            "type":"bitmap",
            "file":"minecraft:guis/tags/donaldduck.png",
            "ascent":7,
            "height":8,
            "chars":[
                "⌝"
            ]
        },
        {
            "type":"bitmap",
            "file":"minecraft:guis/tags/dragon.png",
            "ascent":7,
            "height":8,
            "chars":[
                "⌞"
            ]
        },
        {
            "type":"bitmap",
            "file":"minecraft:guis/tags/earth.png",
            "ascent":7,
            "height":8,
            "chars":[
                "⌟"
            ]
        },
        {
            "type":"bitmap",
            "file":"minecraft:guis/tags/elephant.png",
            "ascent":7,
            "height":8,
            "chars":[
                "⌠"
            ]
        },
        {
            "type":"bitmap",
            "file":"minecraft:guis/tags/fire.png",
            "ascent":7,
            "height":8,
            "chars":[
                "⌡"
            ]
        },
        {
            "type":"bitmap",
            "file":"minecraft:guis/tags/fireflower.png",
            "ascent":7,
            "height":8,
            "chars":[
                "⌢"
            ]
        },
        {
            "type":"bitmap",
            "file":"minecraft:guis/tags/flower.png",
            "ascent":7,
            "height":8,
            "chars":[
                "⌣"
            ]
        },
        {
            "type":"bitmap",
            "file":"minecraft:guis/tags/flyingrocket.png",
            "ascent":7,
            "height":8,
            "chars":[
                "⌤"
            ]
        },
        {
            "type":"bitmap",
            "file":"minecraft:guis/tags/football.png",
            "ascent":7,
            "height":8,
            "chars":[
                "⌥"
            ]
        },
        {
            "type":"bitmap",
            "file":"minecraft:guis/tags/frog.png",
            "ascent":7,
            "height":8,
            "chars":[
                "⌦"
            ]
        },
        {
            "type":"bitmap",
            "file":"minecraft:guis/tags/fruitbasket.png",
            "ascent":7,
            "height":8,
            "chars":[
                "⌧"
            ]
        },
        {
            "type":"bitmap",
            "file":"minecraft:guis/tags/ghost.png",
            "ascent":7,
            "height":8,
            "chars":[
                "⌨"
            ]
        },
        {
            "type":"bitmap",
            "file":"minecraft:guis/tags/giraffe.png",
            "ascent":7,
            "height":8,
            "chars":[
                "⌫"
            ]
        },
        {
            "type":"bitmap",
            "file":"minecraft:guis/tags/goofy.png",
            "ascent":7,
            "height":8,
            "chars":[
                "⌬"
            ]
        },
        {
            "type":"bitmap",
            "file":"minecraft:guis/tags/goomba.png",
            "ascent":7,
            "height":8,
            "chars":[
                "⌭"
            ]
        },
        {
            "type":"bitmap",
            "file":"minecraft:guis/tags/gru.png",
            "ascent":7,
            "height":8,
            "chars":[
                "⌮"
            ]
        },
        {
            "type":"bitmap",
            "file":"minecraft:guis/tags/heart.png",
            "ascent":7,
            "height":8,
            "chars":[
                "⌯"
            ]
        },
        {
            "type":"bitmap",
            "file":"minecraft:guis/tags/hippo.png",
            "ascent":7,
            "height":8,
            "chars":[
                "⌰"
            ]
        },
        {
            "type":"bitmap",
            "file":"minecraft:guis/tags/hulk.png",
            "ascent":7,
            "height":8,
            "chars":[
                "⌱"
            ]
        },
        {
            "type":"bitmap",
            "file":"minecraft:guis/tags/ironman.png",
            "ascent":7,
            "height":8,
            "chars":[
                "⌲"
            ]
        },
        {
            "type":"bitmap",
            "file":"minecraft:guis/tags/kingjulien.png",
            "ascent":7,
            "height":8,
            "chars":[
                "⌳"
            ]
        },
        {
            "type":"bitmap",
            "file":"minecraft:guis/tags/kungfupanda.png",
            "ascent":7,
            "height":8,
            "chars":[
                "⌴"
            ]
        },
        {
            "type":"bitmap",
            "file":"minecraft:guis/tags/labrador.png",
            "ascent":7,
            "height":8,
            "chars":[
                "⌵"
            ]
        },
        {
            "type":"bitmap",
            "file":"minecraft:guis/tags/lemon.png",
            "ascent":7,
            "height":8,
            "chars":[
                "⌶"
            ]
        },
        {
            "type":"bitmap",
            "file":"minecraft:guis/tags/lime.png",
            "ascent":7,
            "height":8,
            "chars":[
                "⌷"
            ]
        },
        {
            "type":"bitmap",
            "file":"minecraft:guis/tags/luckyblock.png",
            "ascent":7,
            "height":8,
            "chars":[
                "⌸"
            ]
        },
        {
            "type":"bitmap",
            "file":"minecraft:guis/tags/luigi.png",
            "ascent":7,
            "height":8,
            "chars":[
                "⌹"
            ]
        },
        {
            "type":"bitmap",
            "file":"minecraft:guis/tags/mario.png",
            "ascent":7,
            "height":8,
            "chars":[
                "⌺"
            ]
        },
        {
            "type":"bitmap",
            "file":"minecraft:guis/tags/marty.png",
            "ascent":7,
            "height":8,
            "chars":[
                "⌻"
            ]
        },
        {
            "type":"bitmap",
            "file":"minecraft:guis/tags/mcqueen.png",
            "ascent":7,
            "height":8,
            "chars":[
                "⌼"
            ]
        },
        {
            "type":"bitmap",
            "file":"minecraft:guis/tags/megamind.png",
            "ascent":7,
            "height":8,
            "chars":[
                "⌽"
            ]
        },
        {
            "type":"bitmap",
            "file":"minecraft:guis/tags/melon.png",
            "ascent":7,
            "height":8,
            "chars":[
                "⌾"
            ]
        },
        {
            "type":"bitmap",
            "file":"minecraft:guis/tags/mexicanhat.png",
            "ascent":7,
            "height":8,
            "chars":[
                "⌿"
            ]
        },
        {
            "type":"bitmap",
            "file":"minecraft:guis/tags/mickeymouse.png",
            "ascent":7,
            "height":8,
            "chars":[
                "⍀"
            ]
        },
        {
            "type":"bitmap",
            "file":"minecraft:guis/tags/mikewazowski.png",
            "ascent":7,
            "height":8,
            "chars":[
                "⍁"
            ]
        },
        {
            "type":"bitmap",
            "file":"minecraft:guis/tags/minion.png",
            "ascent":7,
            "height":8,
            "chars":[
                "⍂"
            ]
        },
        {
            "type":"bitmap",
            "file":"minecraft:guis/tags/mrspotts.png",
            "ascent":7,
            "height":8,
            "chars":[
                "⍃"
            ]
        },
        {
            "type":"bitmap",
            "file":"minecraft:guis/tags/mushroomblue.png",
            "ascent":7,
            "height":8,
            "chars":[
                "⍄"
            ]
        },
        {
            "type":"bitmap",
            "file":"minecraft:guis/tags/mushroomgreen.png",
            "ascent":7,
            "height":8,
            "chars":[
                "⍅"
            ]
        },
        {
            "type":"bitmap",
            "file":"minecraft:guis/tags/mushroomred.png",
            "ascent":7,
            "height":8,
            "chars":[
                "⍆"
            ]
        },
        {
            "type":"bitmap",
            "file":"minecraft:guis/tags/orange.png",
            "ascent":7,
            "height":8,
            "chars":[
                "⍇"
            ]
        },
        {
            "type":"bitmap",
            "file":"minecraft:guis/tags/panda.png",
            "ascent":7,
            "height":8,
            "chars":[
                "⍈"
            ]
        },
        {
            "type":"bitmap",
            "file":"minecraft:guis/tags/pear.png",
            "ascent":7,
            "height":8,
            "chars":[
                "⍉"
            ]
        },
        {
            "type":"bitmap",
            "file":"minecraft:guis/tags/penguin.png",
            "ascent":7,
            "height":8,
            "chars":[
                "⍊"
            ]
        },

        {
            "type":"bitmap",
            "file":"minecraft:guis/tags/pizza.png",
            "ascent":7,
            "height":8,
            "chars":[
                "⍋"
            ]
        },
        {
            "type":"bitmap",
            "file":"minecraft:guis/tags/pussinboots.png",
            "ascent":7,
            "height":8,
            "chars":[
                "⍌"
            ]
        },
        {
            "type":"bitmap",
            "file":"minecraft:guis/tags/redpanda.png",
            "ascent":7,
            "height":8,
            "chars":[
                "⍍"
            ]
        },
        {
            "type":"bitmap",
            "file":"minecraft:guis/tags/rocket.png",
            "ascent":7,
            "height":8,
            "chars":[
                "⍎"
            ]
        },
        {
            "type":"bitmap",
            "file":"minecraft:guis/tags/safetyring.png",
            "ascent":7,
            "height":8,
            "chars":[
                "⍏"
            ]
        },
        {
            "type":"bitmap",
            "file":"minecraft:guis/tags/santa.png",
            "ascent":7,
            "height":8,
            "chars":[
                "⍐"
            ]
        },
        {
            "type":"bitmap",
            "file":"minecraft:guis/tags/shark.png",
            "ascent":7,
            "height":8,
            "chars":[
                "⍑"
            ]
        },
        {
            "type":"bitmap",
            "file":"minecraft:guis/tags/shrek.png",
            "ascent":7,
            "height":8,
            "chars":[
                "⍒"
            ]
        },
        {
            "type":"bitmap",
            "file":"minecraft:guis/tags/simba.png",
            "ascent":7,
            "height":8,
            "chars":[
                "⍓"
            ]
        },
        {
            "type":"bitmap",
            "file":"minecraft:guis/tags/snow.png",
            "ascent":7,
            "height":8,
            "chars":[
                "⍔"
            ]
        },
        {
            "type":"bitmap",
            "file":"minecraft:guis/tags/snowman.png",
            "ascent":7,
            "height":8,
            "chars":[
                "⍕"
            ]
        },
        {
            "type":"bitmap",
            "file":"minecraft:guis/tags/spiderman.png",
            "ascent":7,
            "height":8,
            "chars":[
                "⍖"
            ]
        },
        {
            "type":"bitmap",
            "file":"minecraft:guis/tags/star.png",
            "ascent":7,
            "height":8,
            "chars":[
                "⍗"
            ]
        },
        {
            "type":"bitmap",
            "file":"minecraft:guis/tags/starwars.png",
            "ascent":7,
            "height":8,
            "chars":[
                "⍘"
            ]
        },
        {
            "type":"bitmap",
            "file":"minecraft:guis/tags/storm.png",
            "ascent":7,
            "height":8,
            "chars":[
                "⍙"
            ]
        },
        {
            "type":"bitmap",
            "file":"minecraft:guis/tags/strawberry.png",
            "ascent":7,
            "height":8,
            "chars":[
                "⍚"
            ]
        },

        {
            "type":"bitmap",
            "file":"minecraft:guis/tags/sullivan.png",
            "ascent":7,
            "height":8,
            "chars":[
                "⍛"
            ]
        },
        {
            "type":"bitmap",
            "file":"minecraft:guis/tags/superman.png",
            "ascent":7,
            "height":8,
            "chars":[
                "⍜"
            ]
        },
        {
            "type":"bitmap",
            "file":"minecraft:guis/tags/tennisball.png",
            "ascent":7,
            "height":8,
            "chars":[
                "⍝"
            ]
        },
        {
            "type":"bitmap",
            "file":"minecraft:guis/tags/theflash.png",
            "ascent":7,
            "height":8,
            "chars":[
                "⍞"
            ]
        },
        {
            "type":"bitmap",
            "file":"minecraft:guis/tags/thor.png",
            "ascent":7,
            "height":8,
            "chars":[
                "⍟"
            ]
        },
        {
            "type":"bitmap",
            "file":"minecraft:guis/tags/tiger.png",
            "ascent":7,
            "height":8,
            "chars":[
                "⍠"
            ]
        },
        {
            "type":"bitmap",
            "file":"minecraft:guis/tags/timeglass.png",
            "ascent":7,
            "height":8,
            "chars":[
                "⍡"
            ]
        },
        {
            "type":"bitmap",
            "file":"minecraft:guis/tags/toat.png",
            "ascent":7,
            "height":8,
            "chars":[
                "⍢"
            ]
        },
        {
            "type":"bitmap",
            "file":"minecraft:guis/tags/trophy.png",
            "ascent":7,
            "height":8,
            "chars":[
                "⍣"
            ]
        },
        {
            "type":"bitmap",
            "file":"minecraft:guis/tags/turtle.png",
            "ascent":7,
            "height":8,
            "chars":[
                "⍤"
            ]
        },
        {
            "type":"bitmap",
            "file":"minecraft:guis/tags/water.png",
            "ascent":7,
            "height":8,
            "chars":[
                "⍥"
            ]
        },
        {
            "type":"bitmap",
            "file":"minecraft:guis/tags/winniethepooh.png",
            "ascent":7,
            "height":8,
            "chars":[
                "⍦"
            ]
        },
        {
            "type":"bitmap",
            "file":"minecraft:guis/tags/wonderwoman.png",
            "ascent":7,
            "height":8,
            "chars":[
                "⍧"
            ]
        },
        {
            "type":"bitmap",
            "file":"minecraft:guis/tags/yoda.png",
            "ascent":7,
            "height":8,
            "chars":[
                "⍨"
            ]
        },
        {
            "type":"bitmap",
            "file":"minecraft:guis/tags/yoshi.png",
            "ascent":7,
            "height":8,
            "chars":[
                "⍩"
            ]
        }









    ]
}