{
    "parent":"item/generated",
    "textures":{
        "layer0":"item/paper"
    },
    "overrides":[
        { "predicate": { "custom_model_data": 2001}, "model": "item/icons/helpmenu/auction"},
        { "predicate": { "custom_model_data": 2002}, "model": "item/icons/helpmenu/coinshop"},
        { "predicate": { "custom_model_data": 2003}, "model": "item/icons/helpmenu/cosmetics"},
        { "predicate": { "custom_model_data": 2004}, "model": "item/icons/helpmenu/deliveries"},
        { "predicate": { "custom_model_data": 2005}, "model": "item/icons/helpmenu/factories"},
        { "predicate": { "custom_model_data": 2006}, "model": "item/icons/helpmenu/jobs"},
        { "predicate": { "custom_model_data": 2007}, "model": "item/icons/helpmenu/kits"},
        { "predicate": { "custom_model_data": 2008}, "model": "item/icons/helpmenu/leaderboards"},
        { "predicate": { "custom_model_data": 2009}, "model": "item/icons/helpmenu/levels"},
        { "predicate": { "custom_model_data": 2010}, "model": "item/icons/helpmenu/pw"},
        { "predicate": { "custom_model_data": 2011}, "model": "item/icons/helpmenu/rewards"},
        { "predicate": { "custom_model_data": 2012}, "model": "item/icons/helpmenu/rtp"},
        { "predicate": { "custom_model_data": 2013}, "model": "item/icons/helpmenu/shop"},
        { "predicate": { "custom_model_data": 2014}, "model": "item/icons/helpmenu/skills"},
        { "predicate": { "custom_model_data": 2015}, "model": "item/icons/helpmenu/store"},
        { "predicate": { "custom_model_data": 2016}, "model": "item/icons/helpmenu/tags"},
        { "predicate": { "custom_model_data": 2017}, "model": "item/icons/helpmenu/teams"},
        { "predicate": { "custom_model_data": 2018}, "model": "item/icons/helpmenu/warps"},
        { "predicate": { "custom_model_data": 2019}, "model": "item/icons/helpmenu/weekendgrinder"},
        { "predicate": { "custom_model_data": 2020}, "model": "item/icons/helpmenu/quests"},
        { "predicate": { "custom_model_data": 2021}, "model": "item/icons/helpmenu/dailyquests"},
        { "predicate": { "custom_model_data": 2022}, "model": "item/icons/helpmenu/chat"},
        { "predicate": { "custom_model_data": 3001}, "model": "item/icons/keys/vote"},
        { "predicate": { "custom_model_data": 3002}, "model": "item/icons/keys/common"},
        { "predicate": { "custom_model_data": 3003}, "model": "item/icons/keys/rare"},
        { "predicate": { "custom_model_data": 3004}, "model": "item/icons/keys/epic"},
        { "predicate": { "custom_model_data": 3005}, "model": "item/icons/keys/superior"},
        { "predicate": { "custom_model_data": 3006}, "model": "item/icons/crates/coin"},
        { "predicate": { "custom_model_data": 3007}, "model": "item/icons/crates/factories"},
        { "predicate": { "custom_model_data": 3008}, "model": "item/icons/crates/money"},
        { "predicate": { "custom_model_data": 3167}, "model": "item/icons/discoverycodex/bookgreen"},
        { "predicate": { "custom_model_data": 3168}, "model": "item/icons/discoverycodex/bookred"},
        { "predicate": { "custom_model_data": 3185}, "model": "item/icons/settings/settingson"},
        { "predicate": { "custom_model_data": 3186}, "model": "item/icons/settings/settingsoff"},
        { "predicate": { "custom_model_data": 3401}, "model": "item/icons/shop/plus"},
        { "predicate": { "custom_model_data": 3402}, "model": "item/icons/shop/minus"},
        { "predicate": { "custom_model_data": 3403}, "model": "item/icons/shop/set"},
        { "predicate": { "custom_model_data": 3404}, "model": "item/icons/shop/check"},
        { "predicate": { "custom_model_data": 3501}, "model": "item/icons/rewards/rewardclosedone"},
        { "predicate": { "custom_model_data": 3502}, "model": "item/icons/rewards/rewardclosedthree"},
        { "predicate": { "custom_model_data": 3503}, "model": "item/icons/rewards/rewardclosedtwo"},
        { "predicate": { "custom_model_data": 3504}, "model": "item/icons/rewards/rewardone"},
        { "predicate": { "custom_model_data": 3505}, "model": "item/icons/rewards/rewardthree"},
        { "predicate": { "custom_model_data": 3506}, "model": "item/icons/rewards/rewardtwo"},
        { "predicate": { "custom_model_data": 3655}, "model": "item/icons/kits/knight"},
        { "predicate": { "custom_model_data": 3656}, "model": "item/icons/kits/lord"},
        { "predicate": { "custom_model_data": 3657}, "model": "item/icons/kits/paladin"},
        { "predicate": { "custom_model_data": 3658}, "model": "item/icons/kits/duke"},
        { "predicate": { "custom_model_data": 3659}, "model": "item/icons/kits/king"},
        { "predicate": { "custom_model_data": 4101}, "model": "item/icons/tagsmenus/iconall"},
        { "predicate": { "custom_model_data": 4102}, "model": "item/icons/tagsmenus/iconanimals"},
        { "predicate": { "custom_model_data": 4103}, "model": "item/icons/tagsmenus/icongames"},
        { "predicate": { "custom_model_data": 4104}, "model": "item/icons/tagsmenus/iconicons"},
        { "predicate": { "custom_model_data": 4105}, "model": "item/icons/tagsmenus/iconmovies"},
        { "predicate": { "custom_model_data": 4106}, "model": "item/icons/tagsmenus/iconothers"},
        { "predicate": { "custom_model_data": 4107}, "model": "item/icons/tagsmenus/iconpizza"},
        { "predicate": { "custom_model_data": 5301}, "model": "item/icons/playtimelevels/levelgreen"},
        { "predicate": { "custom_model_data": 5302}, "model": "item/icons/playtimelevels/levelyellow"},
        { "predicate": { "custom_model_data": 5303}, "model": "item/icons/playtimelevels/levelred"},
        { "predicate": { "custom_model_data": 5310}, "model": "item/icons/quests/questlocked"},
        { "predicate": { "custom_model_data": 5311}, "model": "item/icons/quests/questorange"},
        { "predicate": { "custom_model_data": 5312}, "model": "item/icons/quests/questgreen"},
        { "predicate": { "custom_model_data": 5711}, "model": "item/icons/jobs/check"},
        { "predicate": { "custom_model_data": 5712}, "model": "item/icons/jobs/chest"},
        { "predicate": { "custom_model_data": 5713}, "model": "item/icons/jobs/chestopen"},
        { "predicate": { "custom_model_data": 5714}, "model": "item/icons/jobs/chestfull"},
        { "predicate": { "custom_model_data": 5715}, "model": "item/icons/jobs/chestlocked"},
        { "predicate": { "custom_model_data": 5712}, "model": "item/icons/deliveries/chest"},
        { "predicate": { "custom_model_data": 5713}, "model": "item/icons/deliveries/chestopen"},
        { "predicate": { "custom_model_data": 5714}, "model": "item/icons/deliveries/chestfull"},
        { "predicate": { "custom_model_data": 5715}, "model": "item/icons/deliveries/chestlocked"},
        { "predicate": { "custom_model_data": 5831}, "model": "item/icons/deliveries/standarddelivery"},
        { "predicate": { "custom_model_data": 5832}, "model": "item/icons/deliveries/expressdelivery"},
        { "predicate": { "custom_model_data": 5833}, "model": "item/icons/deliveries/lightningdelivery"},
        { "predicate": { "custom_model_data": 5962}, "model": "item/icons/skills/levelgreen"},
        { "predicate": { "custom_model_data": 5963}, "model": "item/icons/skills/levelred"},
        { "predicate": { "custom_model_data": 5964}, "model": "item/icons/skills/levelyellow"},
        { "predicate": { "custom_model_data": 5972}, "model": "item/icons/coinshop/backpacks"},
        { "predicate": { "custom_model_data": 5973}, "model": "item/icons/coinshop/emotes"},
        { "predicate": { "custom_model_data": 5974}, "model": "item/icons/coinshop/pets"},
        { "predicate": { "custom_model_data": 5975}, "model": "item/icons/coinshop/copperbackpack"},
        { "predicate": { "custom_model_data": 5976}, "model": "item/icons/coinshop/silverbackpack"},
        { "predicate": { "custom_model_data": 5977}, "model": "item/icons/coinshop/goldbackpack"},
        { "predicate": { "custom_model_data": 5978}, "model": "item/icons/coinshop/diamondbackpack"},
        { "predicate": { "custom_model_data": 5979}, "model": "item/icons/coinshop/netheritebackpack"},
        { "predicate": { "custom_model_data": 5980}, "model": "item/icons/coinshop/furniture"},
        { "predicate": { "custom_model_data": 6001}, "model": "item/icons/factories/research/oil"},
        { "predicate": { "custom_model_data": 6002}, "model": "item/icons/factories/research/metals"},
        { "predicate": { "custom_model_data": 6003}, "model": "item/icons/factories/research/factory"},
        { "predicate": { "custom_model_data": 6004}, "model": "item/icons/factories/research/mechanics"},
        { "predicate": { "custom_model_data": 6005}, "model": "item/icons/factories/research/accounting"},
        { "predicate": { "custom_model_data": 6006}, "model": "item/icons/factories/research/accountingtwo"},
        { "predicate": { "custom_model_data": 6007}, "model": "item/icons/factories/research/mechanicstwo"},
        { "predicate": { "custom_model_data": 6008}, "model": "item/icons/factories/research/goldingot"},
        { "predicate": { "custom_model_data": 6009}, "model": "item/icons/factories/research/gasoline"},
        { "predicate": { "custom_model_data": 6010}, "model": "item/icons/factories/research/uranium"},
        { "predicate": { "custom_model_data": 6011}, "model": "item/icons/factories/research/diamond"},
        { "predicate": { "custom_model_data": 6012}, "model": "item/icons/factories/research/netherite"},
        { "predicate": { "custom_model_data": 6013}, "model": "item/icons/factories/research/hydrogen"},
        { "predicate": { "custom_model_data": 6014}, "model": "item/icons/factories/research/accountingthree"},
        { "predicate": { "custom_model_data": 6015}, "model": "item/icons/factories/research/mechanicsthree"},
        { "predicate": { "custom_model_data": 6016}, "model": "item/icons/factories/research/timerone"},
        { "predicate": { "custom_model_data": 6017}, "model": "item/icons/factories/research/timertwo"},
        { "predicate": { "custom_model_data": 6018}, "model": "item/icons/factories/research/timerthree"},
        { "predicate": { "custom_model_data": 6019}, "model": "item/icons/factories/research/timerfour"},
        { "predicate": { "custom_model_data": 8001}, "model": "item/icons/factories/lockedfactories/lockedwheat"},
        { "predicate": { "custom_model_data": 8002}, "model": "item/icons/factories/lockedfactories/lockedbook"},
        { "predicate": { "custom_model_data": 8003}, "model": "item/icons/factories/lockedfactories/lockedbrick"},
        { "predicate": { "custom_model_data": 8004}, "model": "item/icons/factories/lockedfactories/lockedcharcoal"},
        { "predicate": { "custom_model_data": 8005}, "model": "item/icons/factories/lockedfactories/lockedcopperingot"},
        { "predicate": { "custom_model_data": 8006}, "model": "item/icons/factories/lockedfactories/lockeddiamond"},
        { "predicate": { "custom_model_data": 8007}, "model": "item/icons/factories/lockedfactories/lockedfirework"},
        { "predicate": { "custom_model_data": 8008}, "model": "item/icons/factories/lockedfactories/lockedgasoline"},
        { "predicate": { "custom_model_data": 8009}, "model": "item/icons/factories/lockedfactories/lockedgoldingot"},
        { "predicate": { "custom_model_data": 8010}, "model": "item/icons/factories/lockedfactories/lockedhydrogen"},
        { "predicate": { "custom_model_data": 8011}, "model": "item/icons/factories/lockedfactories/lockedironingot"},
        { "predicate": { "custom_model_data": 8012}, "model": "item/icons/factories/lockedfactories/lockeditemframe"},
        { "predicate": { "custom_model_data": 8013}, "model": "item/icons/factories/lockedfactories/lockednetherite"},
        { "predicate": { "custom_model_data": 8014}, "model": "item/icons/factories/lockedfactories/lockednetherstar"},
        { "predicate": { "custom_model_data": 8015}, "model": "item/icons/factories/lockedfactories/lockedoil"},
        { "predicate": { "custom_model_data": 8016}, "model": "item/icons/factories/lockedfactories/lockedquartz"},
        { "predicate": { "custom_model_data": 8017}, "model": "item/icons/factories/lockedfactories/lockedstring"},
        { "predicate": { "custom_model_data": 8018}, "model": "item/icons/factories/lockedfactories/lockeduranium"},
        { "predicate": { "custom_model_data": 8019}, "model": "item/icons/factories/lockedfactories/lockedarrow"},
        { "predicate": { "custom_model_data": 11061}, "model": "item/icons/factories/processone"},
        { "predicate": { "custom_model_data": 11062}, "model": "item/icons/factories/processtwo"},
        { "predicate": { "custom_model_data": 11063}, "model": "item/icons/factories/processthree"},
        { "predicate": { "custom_model_data": 11064}, "model": "item/icons/factories/package"},
        { "predicate": { "custom_model_data": 11065}, "model": "item/icons/factories/lock"},
        { "predicate": { "custom_model_data": 11066}, "model": "item/icons/factories/lockopen"},
        { "predicate": { "custom_model_data": 11067}, "model": "item/icons/factories/oil"},
        { "predicate": { "custom_model_data": 11068}, "model": "item/icons/factories/gasoline"},
        { "predicate": { "custom_model_data": 11069}, "model": "item/icons/factories/hydrogen"},
        { "predicate": { "custom_model_data": 11070}, "model": "item/icons/factories/uranium"},
        { "predicate": { "custom_model_data": 12501}, "model": "item/icons/colors/red"},
        { "predicate": { "custom_model_data": 12502}, "model": "item/icons/colors/darkred"},
        { "predicate": { "custom_model_data": 12503}, "model": "item/icons/colors/gold"},
        { "predicate": { "custom_model_data": 12504}, "model": "item/icons/colors/yellow"},
        { "predicate": { "custom_model_data": 12505}, "model": "item/icons/colors/green"},
        { "predicate": { "custom_model_data": 12506}, "model": "item/icons/colors/darkgreen"},
        { "predicate": { "custom_model_data": 12507}, "model": "item/icons/colors/aqua"},
        { "predicate": { "custom_model_data": 12508}, "model": "item/icons/colors/darkaqua"},
        { "predicate": { "custom_model_data": 12509}, "model": "item/icons/colors/blue"},
        { "predicate": { "custom_model_data": 12510}, "model": "item/icons/colors/darkblue"},
        { "predicate": { "custom_model_data": 12511}, "model": "item/icons/colors/purple"},
        { "predicate": { "custom_model_data": 12512}, "model": "item/icons/colors/pink"},
        { "predicate": { "custom_model_data": 12513}, "model": "item/icons/colors/white"},
        { "predicate": { "custom_model_data": 12514}, "model": "item/icons/colors/gray"},
        { "predicate": { "custom_model_data": 12515}, "model": "item/icons/colors/darkgray"},
        { "predicate": { "custom_model_data": 12516}, "model": "item/icons/colors/black"},

        { "predicate": { "custom_model_data": 13001}, "model": "item/icons/lifesteal/hearts/heartone"},
        { "predicate": { "custom_model_data": 13002}, "model": "item/icons/lifesteal/hearts/hearttwo"},
        { "predicate": { "custom_model_data": 13003}, "model": "item/icons/lifesteal/hearts/heartthree"},
        { "predicate": { "custom_model_data": 13004}, "model": "item/icons/lifesteal/sacrifhearts/boot"},
        { "predicate": { "custom_model_data": 13005}, "model": "item/icons/lifesteal/sacrifhearts/heart"},
        { "predicate": { "custom_model_data": 13006}, "model": "item/icons/lifesteal/sacrifhearts/shield"},
        { "predicate": { "custom_model_data": 13007}, "model": "item/icons/lifesteal/sacrifhearts/sword"},

        { "predicate": { "custom_model_data":110007 }, "model": "blank:auto_generated/blank"}

    ]
}